{"train_losses": [3.0946145671844483, 2.9194075679779052, 2.8404776397705076, 2.8102598371505736, 2.7825485733032225, 2.7646798662185668, 2.7552305843353273, 2.7377756370544435, 2.7233844551086426, 2.705685015106201, 2.7075678983688354, 2.687707608985901, 2.689688653755188, 2.6282863985061646, 2.6211305076599123, 2.622878889656067, 2.6109586168289183, 2.5949876798629763, 2.6000408979415894, 2.615637559700012, 2.5975959520339966, 2.625569548416138, 2.605370028877258, 2.6122466606140136], "val_losses": [2.9099964686802458, 2.764215431894575, 2.751738122531346, 2.7016369581222532, 2.7096151965005055, 2.6746027299336026, 2.6680160454341344, 2.691125099999564, 2.668641105719975, 2.6452897582735333, 2.6536303639411924, 2.72548736674445, 2.6646602307047162, 2.6303154281207495, 2.634093851702554, 2.634530060631888, 2.6301450065204075, 2.6412561076028007, 2.6273386563573564, 2.6328039288520815, 2.6318400944982256, 2.6362758108547757, 2.6332930275372095, 2.645837524959019], "epochs": [0, 1, 2, 3, 4, 5, 6, 7, 8, 9, 10, 11, 12, 13, 14, 15, 16, 17, 18, 19, 20, 21, 22, 23], "test_loss": 2.642741836425735}