{"train_losses": [2.4795219861984252, 2.3116759101867674, 2.2557426626205443, 2.2147451679229735, 2.210954088020325, 2.1877161933898925, 2.1606331916809083, 2.153417095947266, 2.151081936836243, 2.143256482887268, 2.124703293991089, 2.0955045999526978, 2.0958735458374025, 2.0853067794799807, 2.0857151670455933, 2.0939714727401735, 2.072984880065918, 2.0575382068634034, 2.0636579681396485, 2.0639859855651856, 2.0662240234375, 2.0600826095581053, 2.06618006439209, 2.062951293373108, 2.054645976257324], "val_losses": [2.3560227070535933, 2.2743090714727128, 2.2844268236841474, 2.2331968103136335, 2.2085777470043726, 2.1891227177211214, 2.207524515901293, 2.182717284134456, 2.2466685244015285, 2.206156899247851, 2.2205956867762975, 2.148418893132891, 2.1603984594345094, 2.1442245517458236, 2.144388469627925, 2.1591404063361033, 2.1457288299288066, 2.1388517652239116, 2.1438707283564975, 2.1364710245813643, 2.1294317858559744, 2.157679055418287, 2.148134996209826, 2.136400430543082, 2.1317426238741195], "epochs": [0, 1, 2, 3, 4, 5, 6, 7, 8, 9, 10, 11, 12, 13, 14, 15, 16, 17, 18, 19, 20, 21, 22, 23, 24], "test_loss": 1.9998999121712475}